,Unnamed: 0,stat,time,ssboe,into,inth,intl,intc,intvwap,intv,intoi,v,oi,Supertrend Values,Supertrend Signal,strategy_signal
0,516,Ok,2023-09-20 09:08:00,1695181080,45493.7,45493.7,45493.7,45493.7,0.0,0,0,0,0,0.0,1,
1,515,Ok,2023-09-20 09:10:00,1695181200,45493.7,45493.7,45493.7,45493.7,0.0,0,0,0,0,,1,
2,514,Ok,2023-09-20 09:12:00,1695181320,45493.7,45493.7,45493.7,45493.7,0.0,0,0,0,0,,1,
3,513,Ok,2023-09-20 09:14:00,1695181440,45493.7,45686.0,45476.75,45632.75,0.0,0,0,0,0,,1,
4,512,Ok,2023-09-20 09:16:00,1695181560,45631.6,45644.35,45589.4,45637.95,0.0,0,0,0,0,,1,
5,511,Ok,2023-09-20 09:18:00,1695181680,45637.5,45669.0,45597.65,45657.65,0.0,0,0,0,0,,1,
6,510,Ok,2023-09-20 09:20:00,1695181800,45660.35,45675.2,45632.05,45671.15,0.0,0,0,0,0,,1,
7,509,Ok,2023-09-20 09:22:00,1695181920,45671.55,45690.95,45661.2,45671.7,0.0,0,0,0,0,,1,
8,508,Ok,2023-09-20 09:24:00,1695182040,45682.5,45693.8,45651.55,45681.55,0.0,0,0,0,0,,1,
9,507,Ok,2023-09-20 09:26:00,1695182160,45677.15,45690.85,45666.5,45683.95,0.0,0,0,0,0,,1,
10,506,Ok,2023-09-20 09:28:00,1695182280,45679.45,45690.95,45659.5,45680.2,0.0,0,0,0,0,,1,
11,505,Ok,2023-09-20 09:30:00,1695182400,45687.65,45704.9,45678.8,45682.25,0.0,0,0,0,0,,1,
12,504,Ok,2023-09-20 09:32:00,1695182520,45680.8,45712.25,45668.3,45707.85,0.0,0,0,0,0,,1,
13,503,Ok,2023-09-20 09:34:00,1695182640,45704.7,45706.4,45671.35,45685.85,0.0,0,0,0,0,,1,
14,502,Ok,2023-09-20 09:36:00,1695182760,45687.9,45711.45,45682.2,45701.1,0.0,0,0,0,0,,1,
15,501,Ok,2023-09-20 09:38:00,1695182880,45692.35,45720.45,45677.35,45715.05,0.0,0,0,0,0,,1,
16,500,Ok,2023-09-20 09:40:00,1695183000,45714.6,45740.8,45695.55,45733.2,0.0,0,0,0,0,,1,
17,499,Ok,2023-09-20 09:42:00,1695183120,45729.2,45742.2,45674.2,45687.55,0.0,0,0,0,0,,1,
18,498,Ok,2023-09-20 09:44:00,1695183240,45678.15,45709.45,45678.15,45694.4,0.0,0,0,0,0,,1,
19,497,Ok,2023-09-20 09:46:00,1695183360,45695.65,45699.5,45661.6,45685.05,0.0,0,0,0,0,,1,
20,496,Ok,2023-09-20 09:48:00,1695183480,45678.65,45691.65,45671.45,45682.1,0.0,0,0,0,0,,1,
21,495,Ok,2023-09-20 09:50:00,1695183600,45682.25,45700.3,45671.55,45695.85,0.0,0,0,0,0,45594.97304908319,1,
22,494,Ok,2023-09-20 09:52:00,1695183720,45690.25,45710.8,45683.75,45704.1,0.0,0,0,0,0,45608.59796432238,1,
23,493,Ok,2023-09-20 09:54:00,1695183840,45699.75,45716.25,45692.05,45712.55,0.0,0,0,0,0,45617.97504927801,1,
24,492,Ok,2023-09-20 09:56:00,1695183960,45702.95,45725.2,45698.65,45712.4,0.0,0,0,0,0,45627.66638355247,1,
25,491,Ok,2023-09-20 09:58:00,1695184080,45712.25,45719.25,45686.4,45693.8,0.0,0,0,0,0,45627.66638355247,1,
26,490,Ok,2023-09-20 10:00:00,1695184200,45694.5,45705.95,45645.15,45648.15,0.0,0,0,0,0,45627.66638355247,1,
27,489,Ok,2023-09-20 10:02:00,1695184320,45655.0,45655.0,45603.85,45620.8,0.0,0,0,0,0,45717.88138893464,-1,
28,488,Ok,2023-09-20 10:04:00,1695184440,45624.05,45635.2,45608.9,45627.5,0.0,0,0,0,0,45708.55047746133,-1,
29,487,Ok,2023-09-20 10:06:00,1695184560,45627.85,45633.45,45587.35,45587.35,0.0,0,0,0,0,45697.83892274468,-1,
30,486,Ok,2023-09-20 10:08:00,1695184680,45595.9,45602.8,45555.0,45566.4,0.0,0,0,0,0,45667.43680989385,-1,
31,485,Ok,2023-09-20 10:10:00,1695184800,45564.85,45591.9,45557.0,45577.15,0.0,0,0,0,0,45662.268724991685,-1,
32,484,Ok,2023-09-20 10:12:00,1695184920,45576.35,45590.3,45562.8,45581.3,0.0,0,0,0,0,45662.268724991685,-1,
33,483,Ok,2023-09-20 10:14:00,1695185040,45578.4,45585.25,45557.1,45565.85,0.0,0,0,0,0,45655.90454108715,-1,
34,482,Ok,2023-09-20 10:16:00,1695185160,45565.95,45588.55,45562.5,45576.95,0.0,0,0,0,0,45655.90454108715,-1,
35,481,Ok,2023-09-20 10:18:00,1695185280,45577.75,45584.75,45565.0,45576.4,0.0,0,0,0,0,45655.684703594205,-1,
36,480,Ok,2023-09-20 10:20:00,1695185400,45578.2,45587.3,45562.95,45568.65,0.0,0,0,0,0,45654.36687816674,-1,
37,479,Ok,2023-09-20 10:22:00,1695185520,45569.6,45585.45,45564.7,45582.35,0.0,0,0,0,0,45652.402467608845,-1,
38,478,Ok,2023-09-20 10:24:00,1695185640,45581.55,45588.55,45542.5,45542.5,0.0,0,0,0,0,45644.20654943984,-1,
39,477,Ok,2023-09-20 10:26:00,1695185760,45546.0,45556.35,45526.1,45538.3,0.0,0,0,0,0,45619.227591398165,-1,
40,476,Ok,2023-09-20 10:28:00,1695185880,45537.15,45547.15,45528.8,45539.1,0.0,0,0,0,0,45613.8888692776,-1,
41,475,Ok,2023-09-20 10:30:00,1695186000,45539.4,45552.8,45524.35,45541.8,0.0,0,0,0,0,45613.75513912081,-1,
42,474,Ok,2023-09-20 10:32:00,1695186120,45545.55,45563.9,45535.3,45556.7,0.0,0,0,0,0,45613.75513912081,-1,
43,473,Ok,2023-09-20 10:34:00,1695186240,45553.4,45568.3,45542.6,45558.15,0.0,0,0,0,0,45613.75513912081,-1,
44,472,Ok,2023-09-20 10:36:00,1695186360,45547.2,45561.65,45541.55,45551.55,0.0,0,0,0,0,45613.75513912081,-1,
45,471,Ok,2023-09-20 10:38:00,1695186480,45549.45,45561.2,45536.35,45536.35,0.0,0,0,0,0,45613.75513912081,-1,
46,470,Ok,2023-09-20 10:40:00,1695186600,45533.8,45552.3,45533.8,45542.55,0.0,0,0,0,0,45612.4624039079,-1,
47,469,Ok,2023-09-20 10:42:00,1695186720,45544.15,45558.0,45535.95,45540.4,0.0,0,0,0,0,45612.4624039079,-1,
48,468,Ok,2023-09-20 10:44:00,1695186840,45540.0,45583.45,45539.0,45566.9,0.0,0,0,0,0,45612.4624039079,-1,
49,467,Ok,2023-09-20 10:46:00,1695186960,45573.1,45574.25,45551.9,45560.6,0.0,0,0,0,0,45612.4624039079,-1,
50,466,Ok,2023-09-20 10:48:00,1695187080,45565.45,45570.6,45547.05,45547.35,0.0,0,0,0,0,45612.4624039079,-1,
51,465,Ok,2023-09-20 10:50:00,1695187200,45545.4,45550.05,45513.3,45534.85,0.0,0,0,0,0,45600.237282205744,-1,
52,464,Ok,2023-09-20 10:52:00,1695187320,45533.75,45549.05,45527.85,45543.6,0.0,0,0,0,0,45600.237282205744,-1,
53,463,Ok,2023-09-20 10:54:00,1695187440,45543.15,45545.85,45530.1,45540.5,0.0,0,0,0,0,45600.237282205744,-1,
54,462,Ok,2023-09-20 10:56:00,1695187560,45538.75,45541.95,45530.25,45538.15,0.0,0,0,0,0,45599.78864106599,-1,
55,461,Ok,2023-09-20 10:58:00,1695187680,45539.25,45543.85,45521.15,45543.7,0.0,0,0,0,0,45595.48593016493,-1,
56,460,Ok,2023-09-20 11:00:00,1695187800,45541.6,45545.35,45528.5,45530.05,0.0,0,0,0,0,45595.48593016493,-1,
57,459,Ok,2023-09-20 11:02:00,1695187920,45528.25,45537.45,45466.75,45468.6,0.0,0,0,0,0,45568.53147563682,-1,
58,458,Ok,2023-09-20 11:04:00,1695188040,45470.85,45470.85,45450.95,45464.3,0.0,0,0,0,0,45526.18517599349,-1,
59,457,Ok,2023-09-20 11:06:00,1695188160,45466.6,45466.6,45405.75,45420.05,0.0,0,0,0,0,45504.92064067224,-1,
60,456,Ok,2023-09-20 11:08:00,1695188280,45420.6,45437.6,45412.2,45424.0,0.0,0,0,0,0,45492.99833739652,-1,
61,455,Ok,2023-09-20 11:10:00,1695188400,45420.55,45440.05,45416.9,45423.7,0.0,0,0,0,0,45492.99833739652,-1,
62,454,Ok,2023-09-20 11:12:00,1695188520,45423.2,45439.5,45417.05,45419.85,0.0,0,0,0,0,45492.99833739652,-1,
63,453,Ok,2023-09-20 11:14:00,1695188640,45423.9,45444.05,45420.75,45443.45,0.0,0,0,0,0,45492.99833739652,-1,
64,452,Ok,2023-09-20 11:16:00,1695188760,45438.1,45449.3,45428.3,45439.35,0.0,0,0,0,0,45492.99833739652,-1,
65,451,Ok,2023-09-20 11:18:00,1695188880,45438.1,45445.2,45423.7,45442.25,0.0,0,0,0,0,45492.99833739652,-1,
66,450,Ok,2023-09-20 11:20:00,1695189000,45442.2,45444.45,45406.9,45415.55,0.0,0,0,0,0,45490.458178935405,-1,
67,449,Ok,2023-09-20 11:22:00,1695189120,45417.25,45453.35,45417.1,45450.2,0.0,0,0,0,0,45490.458178935405,-1,
68,448,Ok,2023-09-20 11:24:00,1695189240,45452.35,45458.0,45439.25,45448.9,0.0,0,0,0,0,45490.458178935405,-1,
69,447,Ok,2023-09-20 11:26:00,1695189360,45449.6,45453.1,45427.05,45427.3,0.0,0,0,0,0,45490.458178935405,-1,
70,446,Ok,2023-09-20 11:28:00,1695189480,45429.35,45437.95,45424.35,45437.45,0.0,0,0,0,0,45490.458178935405,-1,
71,445,Ok,2023-09-20 11:30:00,1695189600,45435.3,45448.35,45415.4,45417.0,0.0,0,0,0,0,45490.458178935405,-1,
72,444,Ok,2023-09-20 11:32:00,1695189720,45419.55,45432.5,45417.65,45431.2,0.0,0,0,0,0,45486.59995521144,-1,
73,443,Ok,2023-09-20 11:34:00,1695189840,45428.65,45431.3,45410.1,45416.15,0.0,0,0,0,0,45481.4954360182,-1,
74,442,Ok,2023-09-20 11:36:00,1695189960,45416.4,45425.75,45386.85,45416.9,0.0,0,0,0,0,45468.30845218878,-1,
75,441,Ok,2023-09-20 11:38:00,1695190080,45420.1,45424.95,45407.3,45416.4,0.0,0,0,0,0,45468.30845218878,-1,
76,440,Ok,2023-09-20 11:40:00,1695190200,45422.3,45425.15,45409.95,45423.5,0.0,0,0,0,0,45468.30845218878,-1,
77,439,Ok,2023-09-20 11:42:00,1695190320,45424.0,45424.4,45406.6,45413.8,0.0,0,0,0,0,45468.30845218878,-1,
78,438,Ok,2023-09-20 11:44:00,1695190440,45418.1,45421.7,45409.6,45411.65,0.0,0,0,0,0,45468.30845218878,-1,
79,437,Ok,2023-09-20 11:46:00,1695190560,45411.2,45429.9,45406.75,45419.45,0.0,0,0,0,0,45468.30845218878,-1,
80,436,Ok,2023-09-20 11:48:00,1695190680,45412.45,45417.1,45400.6,45416.7,0.0,0,0,0,0,45464.80345491489,-1,
81,435,Ok,2023-09-20 11:50:00,1695190800,45415.65,45418.0,45381.45,45387.6,0.0,0,0,0,0,45456.86586986444,-1,
82,434,Ok,2023-09-20 11:52:00,1695190920,45386.4,45391.2,45369.9,45382.75,0.0,0,0,0,0,45437.19217801752,-1,
83,433,Ok,2023-09-20 11:54:00,1695191040,45380.7,45389.95,45369.45,45385.15,0.0,0,0,0,0,45435.78280075392,-1,
84,432,Ok,2023-09-20 11:56:00,1695191160,45385.6,45397.85,45381.95,45392.1,0.0,0,0,0,0,45435.78280075392,-1,
85,431,Ok,2023-09-20 11:58:00,1695191280,45391.35,45396.9,45376.5,45379.3,0.0,0,0,0,0,45435.78280075392,-1,
86,430,Ok,2023-09-20 12:00:00,1695191400,45378.45,45384.5,45361.9,45378.8,0.0,0,0,0,0,45427.53394567,-1,
87,429,Ok,2023-09-20 12:02:00,1695191520,45381.65,45383.3,45369.95,45378.65,0.0,0,0,0,0,45427.53394567,-1,
88,428,Ok,2023-09-20 12:04:00,1695191640,45376.3,45378.35,45366.25,45373.6,0.0,0,0,0,0,45424.179998304215,-1,
89,427,Ok,2023-09-20 12:06:00,1695191760,45373.4,45379.9,45363.1,45376.9,0.0,0,0,0,0,45422.66015978865,-1,
90,426,Ok,2023-09-20 12:08:00,1695191880,45379.55,45410.3,45377.65,45392.65,0.0,0,0,0,0,45422.66015978865,-1,
91,425,Ok,2023-09-20 12:10:00,1695192000,45394.1,45408.55,45384.6,45404.2,0.0,0,0,0,0,45422.66015978865,-1,
92,424,Ok,2023-09-20 12:12:00,1695192120,45407.9,45431.05,45402.1,45421.55,0.0,0,0,0,0,45422.66015978865,-1,
93,423,Ok,2023-09-20 12:14:00,1695192240,45419.1,45421.15,45387.7,45390.35,0.0,0,0,0,0,45422.66015978865,-1,
94,422,Ok,2023-09-20 12:16:00,1695192360,45391.6,45401.75,45383.0,45384.35,0.0,0,0,0,0,45422.66015978865,-1,
95,421,Ok,2023-09-20 12:18:00,1695192480,45385.0,45405.85,45385.0,45400.9,0.0,0,0,0,0,45422.66015978865,-1,
96,420,Ok,2023-09-20 12:20:00,1695192600,45401.2,45404.05,45383.3,45383.3,0.0,0,0,0,0,45422.66015978865,-1,
97,419,Ok,2023-09-20 12:22:00,1695192720,45386.1,45401.9,45383.4,45401.75,0.0,0,0,0,0,45422.66015978865,-1,
98,418,Ok,2023-09-20 12:24:00,1695192840,45402.1,45407.1,45393.15,45403.8,0.0,0,0,0,0,45422.66015978865,-1,
99,417,Ok,2023-09-20 12:26:00,1695192960,45407.3,45415.55,45387.8,45391.25,0.0,0,0,0,0,45422.66015978865,-1,
100,416,Ok,2023-09-20 12:28:00,1695193080,45391.65,45400.15,45366.05,45370.7,0.0,0,0,0,0,45422.66015978865,-1,
101,415,Ok,2023-09-20 12:30:00,1695193200,45374.7,45386.05,45368.15,45385.05,0.0,0,0,0,0,45422.66015978865,-1,
102,414,Ok,2023-09-20 12:32:00,1695193320,45384.65,45393.45,45371.25,45382.5,0.0,0,0,0,0,45422.66015978865,-1,
103,413,Ok,2023-09-20 12:34:00,1695193440,45385.8,45402.0,45385.8,45389.0,0.0,0,0,0,0,45422.66015978865,-1,
104,412,Ok,2023-09-20 12:36:00,1695193560,45389.65,45426.2,45385.1,45418.45,0.0,0,0,0,0,45422.66015978865,-1,
105,411,Ok,2023-09-20 12:38:00,1695193680,45414.25,45439.4,45410.95,45428.85,0.0,0,0,0,0,45371.44496766859,1,
106,410,Ok,2023-09-20 12:40:00,1695193800,45431.05,45435.85,45414.35,45422.05,0.0,0,0,0,0,45371.6779071137,1,
107,409,Ok,2023-09-20 12:42:00,1695193920,45427.75,45427.75,45408.4,45415.7,0.0,0,0,0,0,45371.6779071137,1,
108,408,Ok,2023-09-20 12:44:00,1695194040,45421.0,45426.85,45403.15,45407.85,0.0,0,0,0,0,45371.6779071137,1,
109,407,Ok,2023-09-20 12:46:00,1695194160,45408.7,45411.35,45397.4,45399.4,0.0,0,0,0,0,45371.6779071137,1,
110,406,Ok,2023-09-20 12:48:00,1695194280,45400.35,45432.25,45393.85,45417.05,0.0,0,0,0,0,45371.6779071137,1,
111,405,Ok,2023-09-20 12:50:00,1695194400,45419.75,45437.45,45407.4,45432.0,0.0,0,0,0,0,45371.6779071137,1,
112,404,Ok,2023-09-20 12:52:00,1695194520,45432.5,45458.05,45430.05,45430.75,0.0,0,0,0,0,45389.70793776421,1,
113,403,Ok,2023-09-20 12:54:00,1695194640,45433.9,45450.05,45431.05,45435.55,0.0,0,0,0,0,45389.70793776421,1,
114,402,Ok,2023-09-20 12:56:00,1695194760,45437.45,45442.05,45425.9,45429.2,0.0,0,0,0,0,45389.70793776421,1,
115,401,Ok,2023-09-20 12:58:00,1695194880,45433.6,45440.0,45419.3,45429.05,0.0,0,0,0,0,45389.70793776421,1,
116,400,Ok,2023-09-20 13:00:00,1695195000,45425.75,45425.75,45383.35,45388.15,0.0,0,0,0,0,45459.39322500752,-1,
117,399,Ok,2023-09-20 13:02:00,1695195120,45392.55,45397.1,45336.45,45342.65,0.0,0,0,0,0,45425.3729097329,-1,
118,398,Ok,2023-09-20 13:04:00,1695195240,45344.3,45356.45,45332.25,45349.15,0.0,0,0,0,0,45402.69196242609,-1,
119,397,Ok,2023-09-20 13:06:00,1695195360,45348.95,45352.4,45328.2,45338.75,0.0,0,0,0,0,45398.398278502966,-1,
120,396,Ok,2023-09-20 13:08:00,1695195480,45343.3,45360.95,45341.0,45357.0,0.0,0,0,0,0,45398.398278502966,-1,
121,395,Ok,2023-09-20 13:10:00,1695195600,45361.15,45377.45,45360.5,45368.85,0.0,0,0,0,0,45398.398278502966,-1,
122,394,Ok,2023-09-20 13:12:00,1695195720,45367.3,45371.7,45350.9,45366.5,0.0,0,0,0,0,45398.398278502966,-1,
123,393,Ok,2023-09-20 13:14:00,1695195840,45366.45,45369.65,45340.0,45349.7,0.0,0,0,0,0,45398.398278502966,-1,
124,392,Ok,2023-09-20 13:16:00,1695195960,45348.8,45357.65,45338.8,45338.8,0.0,0,0,0,0,45398.398278502966,-1,
125,391,Ok,2023-09-20 13:18:00,1695196080,45340.05,45357.65,45329.5,45357.65,0.0,0,0,0,0,45398.398278502966,-1,
126,390,Ok,2023-09-20 13:20:00,1695196200,45357.95,45360.8,45341.7,45349.1,0.0,0,0,0,0,45398.398278502966,-1,
127,389,Ok,2023-09-20 13:22:00,1695196320,45349.55,45357.2,45337.9,45342.8,0.0,0,0,0,0,45398.398278502966,-1,
128,388,Ok,2023-09-20 13:24:00,1695196440,45339.55,45353.3,45326.8,45338.85,0.0,0,0,0,0,45395.340603943325,-1,
129,387,Ok,2023-09-20 13:26:00,1695196560,45350.2,45354.45,45339.8,45345.85,0.0,0,0,0,0,45395.340603943325,-1,
130,386,Ok,2023-09-20 13:28:00,1695196680,45348.5,45358.35,45344.15,45355.15,0.0,0,0,0,0,45395.340603943325,-1,
131,385,Ok,2023-09-20 13:30:00,1695196800,45355.4,45365.65,45313.2,45326.2,0.0,0,0,0,0,45395.340603943325,-1,
132,384,Ok,2023-09-20 13:32:00,1695196920,45327.85,45373.35,45326.65,45349.3,0.0,0,0,0,0,45395.340603943325,-1,
133,383,Ok,2023-09-20 13:34:00,1695197040,45350.1,45372.5,45344.0,45349.25,0.0,0,0,0,0,45395.340603943325,-1,
134,382,Ok,2023-09-20 13:36:00,1695197160,45360.6,45363.55,45341.7,45347.45,0.0,0,0,0,0,45395.340603943325,-1,
135,381,Ok,2023-09-20 13:38:00,1695197280,45350.3,45354.6,45333.7,45336.25,0.0,0,0,0,0,45395.340603943325,-1,
136,380,Ok,2023-09-20 13:40:00,1695197400,45336.5,45349.3,45328.6,45336.15,0.0,0,0,0,0,45395.340603943325,-1,
137,379,Ok,2023-09-20 13:42:00,1695197520,45332.7,45351.95,45326.2,45327.3,0.0,0,0,0,0,45395.340603943325,-1,
138,378,Ok,2023-09-20 13:44:00,1695197640,45327.95,45344.75,45324.5,45328.75,0.0,0,0,0,0,45390.99277623408,-1,
139,377,Ok,2023-09-20 13:46:00,1695197760,45326.6,45333.8,45308.5,45316.1,0.0,0,0,0,0,45377.48403433401,-1,
140,376,Ok,2023-09-20 13:48:00,1695197880,45311.55,45330.9,45297.35,45325.2,0.0,0,0,0,0,45371.29212306518,-1,
141,375,Ok,2023-09-20 13:50:00,1695198000,45324.85,45328.75,45311.35,45316.7,0.0,0,0,0,0,45371.29212306518,-1,
142,374,Ok,2023-09-20 13:52:00,1695198120,45314.2,45320.3,45291.6,45310.5,0.0,0,0,0,0,45362.54442580154,-1,
143,373,Ok,2023-09-20 13:54:00,1695198240,45309.9,45316.85,45288.0,45298.15,0.0,0,0,0,0,45359.34713988816,-1,
144,372,Ok,2023-09-20 13:56:00,1695198360,45292.1,45312.05,45281.5,45311.35,0.0,0,0,0,0,45354.18747373412,-1,
145,371,Ok,2023-09-20 13:58:00,1695198480,45309.7,45339.9,45308.5,45328.85,0.0,0,0,0,0,45354.18747373412,-1,
146,370,Ok,2023-09-20 14:00:00,1695198600,45325.15,45340.55,45314.9,45322.45,0.0,0,0,0,0,45354.18747373412,-1,
147,369,Ok,2023-09-20 14:02:00,1695198720,45318.1,45336.7,45307.3,45319.6,0.0,0,0,0,0,45354.18747373412,-1,
148,368,Ok,2023-09-20 14:04:00,1695198840,45317.2,45343.5,45317.1,45343.45,0.0,0,0,0,0,45354.18747373412,-1,
149,367,Ok,2023-09-20 14:06:00,1695198960,45337.65,45352.65,45324.2,45340.5,0.0,0,0,0,0,45354.18747373412,-1,
150,366,Ok,2023-09-20 14:08:00,1695199080,45335.55,45356.3,45334.5,45343.95,0.0,0,0,0,0,45354.18747373412,-1,
151,365,Ok,2023-09-20 14:10:00,1695199200,45339.45,45364.65,45332.05,45355.55,0.0,0,0,0,0,45289.77042348885,1,
152,364,Ok,2023-09-20 14:12:00,1695199320,45351.15,45380.4,45348.25,45378.2,0.0,0,0,0,0,45305.16648366913,1,
153,363,Ok,2023-09-20 14:14:00,1695199440,45382.05,45394.7,45367.0,45392.95,0.0,0,0,0,0,45321.60660248968,1,
154,362,Ok,2023-09-20 14:16:00,1695199560,45390.85,45396.5,45377.3,45386.5,0.0,0,0,0,0,45328.46673006413,1,
155,361,Ok,2023-09-20 14:18:00,1695199680,45392.75,45403.8,45382.05,45397.45,0.0,0,0,0,0,45334.995957289306,1,
156,360,Ok,2023-09-20 14:20:00,1695199800,45400.15,45409.6,45377.85,45390.05,0.0,0,0,0,0,45335.228011611296,1,
157,359,Ok,2023-09-20 14:22:00,1695199920,45388.25,45391.6,45364.6,45381.1,0.0,0,0,0,0,45335.228011611296,1,
158,358,Ok,2023-09-20 14:24:00,1695200040,45380.25,45380.25,45334.2,45343.0,0.0,0,0,0,0,45335.228011611296,1,
159,357,Ok,2023-09-20 14:26:00,1695200160,45345.2,45354.8,45334.1,45344.35,0.0,0,0,0,0,45335.228011611296,1,
160,356,Ok,2023-09-20 14:28:00,1695200280,45347.7,45353.65,45327.35,45333.65,0.0,0,0,0,0,45400.34667532543,-1,
161,355,Ok,2023-09-20 14:30:00,1695200400,45331.15,45368.8,45327.35,45368.8,0.0,0,0,0,0,45400.34667532543,-1,
162,354,Ok,2023-09-20 14:32:00,1695200520,45367.4,45387.2,45361.75,45379.15,0.0,0,0,0,0,45400.34667532543,-1,
163,353,Ok,2023-09-20 14:34:00,1695200640,45379.7,45397.9,45374.1,45387.55,0.0,0,0,0,0,45400.34667532543,-1,
164,352,Ok,2023-09-20 14:36:00,1695200760,45392.7,45401.2,45372.25,45390.25,0.0,0,0,0,0,45400.34667532543,-1,
165,351,Ok,2023-09-20 14:38:00,1695200880,45389.55,45394.35,45364.25,45373.1,0.0,0,0,0,0,45400.34667532543,-1,
166,350,Ok,2023-09-20 14:40:00,1695201000,45378.15,45384.75,45346.55,45382.75,0.0,0,0,0,0,45400.34667532543,-1,
167,349,Ok,2023-09-20 14:42:00,1695201120,45378.5,45395.25,45340.7,45347.05,0.0,0,0,0,0,45400.34667532543,-1,
168,348,Ok,2023-09-20 14:44:00,1695201240,45344.45,45356.85,45339.3,45352.7,0.0,0,0,0,0,45400.34667532543,-1,
169,347,Ok,2023-09-20 14:46:00,1695201360,45355.0,45375.4,45352.4,45366.05,0.0,0,0,0,0,45400.34667532543,-1,
170,346,Ok,2023-09-20 14:48:00,1695201480,45367.5,45375.1,45357.05,45375.1,0.0,0,0,0,0,45400.34667532543,-1,
171,345,Ok,2023-09-20 14:50:00,1695201600,45371.45,45373.25,45332.7,45337.0,0.0,0,0,0,0,45400.34667532543,-1,
172,344,Ok,2023-09-20 14:52:00,1695201720,45335.65,45335.65,45312.95,45330.85,0.0,0,0,0,0,45387.22531489308,-1,
173,343,Ok,2023-09-20 14:54:00,1695201840,45329.25,45352.6,45315.6,45335.55,0.0,0,0,0,0,45387.22531489308,-1,
174,342,Ok,2023-09-20 14:56:00,1695201960,45338.4,45348.05,45321.7,45326.2,0.0,0,0,0,0,45387.22531489308,-1,
175,341,Ok,2023-09-20 14:58:00,1695202080,45328.15,45346.0,45303.1,45307.05,0.0,0,0,0,0,45387.22531489308,-1,
176,340,Ok,2023-09-20 15:00:00,1695202200,45306.05,45327.55,45284.05,45318.3,0.0,0,0,0,0,45372.2591186686,-1,
177,339,Ok,2023-09-20 15:02:00,1695202320,45317.4,45325.5,45299.3,45325.5,0.0,0,0,0,0,45372.2591186686,-1,
178,338,Ok,2023-09-20 15:04:00,1695202440,45323.6,45364.95,45323.6,45360.3,0.0,0,0,0,0,45372.2591186686,-1,
179,337,Ok,2023-09-20 15:06:00,1695202560,45361.6,45367.35,45330.7,45333.2,0.0,0,0,0,0,45372.2591186686,-1,
180,336,Ok,2023-09-20 15:08:00,1695202680,45331.55,45397.6,45329.7,45361.3,0.0,0,0,0,0,45372.2591186686,-1,
181,335,Ok,2023-09-20 15:10:00,1695202800,45361.0,45383.6,45358.25,45371.25,0.0,0,0,0,0,45372.2591186686,-1,
182,334,Ok,2023-09-20 15:12:00,1695202920,45369.75,45389.05,45363.35,45364.5,0.0,0,0,0,0,45372.2591186686,-1,
183,333,Ok,2023-09-20 15:14:00,1695203040,45361.35,45385.9,45361.35,45374.85,0.0,0,0,0,0,45304.10255603124,1,
184,332,Ok,2023-09-20 15:16:00,1695203160,45377.1,45398.5,45364.0,45382.7,0.0,0,0,0,0,45311.42382454631,1,
185,331,Ok,2023-09-20 15:18:00,1695203280,45383.15,45414.05,45373.75,45414.05,0.0,0,0,0,0,45323.176867925526,1,
186,330,Ok,2023-09-20 15:20:00,1695203400,45411.05,45435.1,45403.65,45430.85,0.0,0,0,0,0,45348.72488257467,1,
187,329,Ok,2023-09-20 15:22:00,1695203520,45428.75,45439.65,45405.75,45438.5,0.0,0,0,0,0,45351.86272490082,1,
188,328,Ok,2023-09-20 15:24:00,1695203640,45439.6,45441.7,45413.45,45419.25,0.0,0,0,0,0,45357.15144763308,1,
189,327,Ok,2023-09-20 15:26:00,1695203760,45420.35,45452.35,45419.7,45445.4,0.0,0,0,0,0,45365.4873197912,1,
190,326,Ok,2023-09-20 15:28:00,1695203880,45451.2,45461.7,45434.05,45440.6,0.0,0,0,0,0,45377.79963382554,1,
191,325,Ok,2023-09-20 15:32:00,1695204120,45384.6,45384.6,45179.6,45179.6,0.0,0,0,0,0,45376.183454899154,-1,
192,324,Ok,2023-09-21 09:08:00,1695267480,45179.6,45179.6,45179.6,45179.6,0.0,0,0,0,0,45269.202907568055,-1,
193,323,Ok,2023-09-21 09:10:00,1695267600,45179.6,45179.6,45179.6,45179.6,0.0,0,0,0,0,45264.93575522681,-1,
194,322,Ok,2023-09-21 09:12:00,1695267720,45179.6,45179.6,45179.6,45179.6,0.0,0,0,0,0,45260.87183289973,-1,
195,321,Ok,2023-09-21 09:14:00,1695267840,45179.6,45201.3,45078.0,45193.45,0.0,0,0,0,0,45229.96955624453,-1,
196,320,Ok,2023-09-21 09:16:00,1695267960,45191.4,45201.4,45113.05,45121.15,0.0,0,0,0,0,45229.96955624453,-1,
197,319,Ok,2023-09-21 09:18:00,1695268080,45121.05,45157.0,45102.45,45149.7,0.0,0,0,0,0,45226.17763845588,-1,
198,318,Ok,2023-09-21 09:20:00,1695268200,45151.5,45180.3,45134.8,45165.85,0.0,0,0,0,0,45226.17763845588,-1,
199,317,Ok,2023-09-21 09:22:00,1695268320,45160.6,45204.05,45155.15,45203.7,0.0,0,0,0,0,45226.17763845588,-1,
200,316,Ok,2023-09-21 09:24:00,1695268440,45205.4,45255.0,45191.0,45238.35,0.0,0,0,0,0,45123.77324335176,1,
201,315,Ok,2023-09-21 09:26:00,1695268560,45233.35,45255.25,45203.5,45218.4,0.0,0,0,0,0,45129.451860077264,1,
202,314,Ok,2023-09-21 09:28:00,1695268680,45215.9,45243.8,45206.5,45236.45,0.0,0,0,0,0,45129.451860077264,1,
203,313,Ok,2023-09-21 09:30:00,1695268800,45238.2,45258.8,45192.95,45247.55,0.0,0,0,0,0,45129.451860077264,1,
204,312,Ok,2023-09-21 09:32:00,1695268920,45251.55,45275.1,45232.0,45263.3,0.0,0,0,0,0,45152.60295426941,1,
205,311,Ok,2023-09-21 09:34:00,1695269040,45261.05,45272.95,45245.5,45257.3,0.0,0,0,0,0,45160.20932967188,1,
206,310,Ok,2023-09-21 09:36:00,1695269160,45256.35,45267.95,45233.3,45248.0,0.0,0,0,0,0,45160.20932967188,1,
207,309,Ok,2023-09-21 09:38:00,1695269280,45247.55,45258.85,45235.55,45243.25,0.0,0,0,0,0,45160.20932967188,1,
208,308,Ok,2023-09-21 09:40:00,1695269400,45242.75,45246.8,45209.8,45215.9,0.0,0,0,0,0,45160.20932967188,1,
209,307,Ok,2023-09-21 09:42:00,1695269520,45221.05,45221.05,45194.6,45198.25,0.0,0,0,0,0,45160.20932967188,1,
210,306,Ok,2023-09-21 09:44:00,1695269640,45198.55,45208.75,45189.55,45207.1,0.0,0,0,0,0,45160.20932967188,1,
211,305,Ok,2023-09-21 09:46:00,1695269760,45203.75,45216.7,45197.1,45208.6,0.0,0,0,0,0,45160.20932967188,1,
212,304,Ok,2023-09-21 09:48:00,1695269880,45208.9,45215.35,45169.6,45177.45,0.0,0,0,0,0,45160.20932967188,1,
213,303,Ok,2023-09-21 09:50:00,1695270000,45182.0,45194.9,45157.9,45192.85,0.0,0,0,0,0,45160.20932967188,1,
214,302,Ok,2023-09-21 09:52:00,1695270120,45189.55,45196.95,45182.5,45185.95,0.0,0,0,0,0,45160.20932967188,1,
215,301,Ok,2023-09-21 09:54:00,1695270240,45187.85,45218.95,45170.55,45201.65,0.0,0,0,0,0,45160.20932967188,1,
216,300,Ok,2023-09-21 09:56:00,1695270360,45204.4,45206.1,45184.15,45200.7,0.0,0,0,0,0,45160.20932967188,1,
217,299,Ok,2023-09-21 09:58:00,1695270480,45200.1,45212.75,45189.15,45203.95,0.0,0,0,0,0,45160.20932967188,1,
218,298,Ok,2023-09-21 10:00:00,1695270600,45207.1,45209.0,45172.85,45183.85,0.0,0,0,0,0,45160.20932967188,1,
219,297,Ok,2023-09-21 10:02:00,1695270720,45180.9,45183.4,45140.9,45140.9,0.0,0,0,0,0,45246.08892517271,-1,
220,296,Ok,2023-09-21 10:04:00,1695270840,45141.9,45169.45,45136.4,45159.45,0.0,0,0,0,0,45236.32920279599,-1,
221,295,Ok,2023-09-21 10:06:00,1695270960,45164.65,45164.65,45104.4,45108.95,0.0,0,0,0,0,45220.26952743148,-1,
222,294,Ok,2023-09-21 10:08:00,1695271080,45106.35,45106.35,45057.95,45057.95,0.0,0,0,0,0,45169.15433674415,-1,
223,293,Ok,2023-09-21 10:10:00,1695271200,45062.5,45069.0,45044.55,45055.05,0.0,0,0,0,0,45142.197671882735,-1,
224,292,Ok,2023-09-21 10:12:00,1695271320,45052.8,45091.7,45041.15,45085.35,0.0,0,0,0,0,45142.197671882735,-1,
225,291,Ok,2023-09-21 10:14:00,1695271440,45085.05,45143.1,45085.05,45135.8,0.0,0,0,0,0,45142.197671882735,-1,
226,290,Ok,2023-09-21 10:16:00,1695271560,45139.85,45139.85,45114.55,45134.9,0.0,0,0,0,0,45142.197671882735,-1,
227,289,Ok,2023-09-21 10:18:00,1695271680,45136.75,45147.55,45131.0,45141.5,0.0,0,0,0,0,45142.197671882735,-1,
228,288,Ok,2023-09-21 10:20:00,1695271800,45142.8,45158.95,45130.55,45154.2,0.0,0,0,0,0,45061.17841947792,1,
229,287,Ok,2023-09-21 10:22:00,1695271920,45154.15,45169.5,45145.65,45167.15,0.0,0,0,0,0,45075.48446792932,1,
230,286,Ok,2023-09-21 10:24:00,1695272040,45163.8,45182.15,45153.3,45157.65,0.0,0,0,0,0,45086.52117179693,1,
231,285,Ok,2023-09-21 10:26:00,1695272160,45156.35,45159.45,45128.5,45132.6,0.0,0,0,0,0,45086.52117179693,1,
232,284,Ok,2023-09-21 10:28:00,1695272280,45130.0,45132.5,45110.2,45112.65,0.0,0,0,0,0,45086.52117179693,1,
233,283,Ok,2023-09-21 10:30:00,1695272400,45104.35,45123.15,45095.4,45096.2,0.0,0,0,0,0,45086.52117179693,1,
234,282,Ok,2023-09-21 10:32:00,1695272520,45098.65,45127.3,45096.5,45119.15,0.0,0,0,0,0,45086.52117179693,1,
235,281,Ok,2023-09-21 10:34:00,1695272640,45117.8,45130.4,45110.6,45129.05,0.0,0,0,0,0,45086.52117179693,1,
236,280,Ok,2023-09-21 10:36:00,1695272760,45132.45,45141.2,45120.15,45126.15,0.0,0,0,0,0,45086.52117179693,1,
237,279,Ok,2023-09-21 10:38:00,1695272880,45126.4,45135.35,45113.4,45125.3,0.0,0,0,0,0,45086.52117179693,1,
238,278,Ok,2023-09-21 10:40:00,1695273000,45130.6,45135.8,45114.85,45116.6,0.0,0,0,0,0,45086.52117179693,1,
239,277,Ok,2023-09-21 10:42:00,1695273120,45114.75,45127.6,45108.85,45116.7,0.0,0,0,0,0,45086.52117179693,1,
240,276,Ok,2023-09-21 10:44:00,1695273240,45115.1,45120.6,45098.75,45105.45,0.0,0,0,0,0,45086.52117179693,1,
241,275,Ok,2023-09-21 10:46:00,1695273360,45105.4,45105.4,45065.6,45076.95,0.0,0,0,0,0,45155.96441137324,-1,
242,274,Ok,2023-09-21 10:48:00,1695273480,45076.85,45107.35,45075.95,45099.85,0.0,0,0,0,0,45155.96441137324,-1,
243,273,Ok,2023-09-21 10:50:00,1695273600,45100.15,45108.4,45093.35,45105.1,0.0,0,0,0,0,45155.96441137324,-1,
244,272,Ok,2023-09-21 10:52:00,1695273720,45104.8,45115.15,45093.5,45110.3,0.0,0,0,0,0,45155.96441137324,-1,
245,271,Ok,2023-09-21 10:54:00,1695273840,45111.15,45115.8,45092.35,45109.3,0.0,0,0,0,0,45155.96441137324,-1,
246,270,Ok,2023-09-21 10:56:00,1695273960,45107.75,45140.1,45104.6,45140.1,0.0,0,0,0,0,45155.96441137324,-1,
247,269,Ok,2023-09-21 10:58:00,1695274080,45142.25,45149.3,45118.95,45125.6,0.0,0,0,0,0,45155.96441137324,-1,
248,268,Ok,2023-09-21 11:00:00,1695274200,45131.7,45135.9,45117.65,45135.9,0.0,0,0,0,0,45155.96441137324,-1,
249,267,Ok,2023-09-21 11:02:00,1695274320,45134.25,45146.65,45130.9,45136.35,0.0,0,0,0,0,45155.96441137324,-1,
250,266,Ok,2023-09-21 11:04:00,1695274440,45141.2,45173.45,45133.75,45170.0,0.0,0,0,0,0,45087.94280736933,1,
251,265,Ok,2023-09-21 11:06:00,1695274560,45172.65,45194.1,45171.05,45182.0,0.0,0,0,0,0,45117.51958133713,1,
252,264,Ok,2023-09-21 11:08:00,1695274680,45179.6,45222.75,45179.6,45214.4,0.0,0,0,0,0,45134.69697571884,1,
253,263,Ok,2023-09-21 11:10:00,1695274800,45219.55,45220.1,45201.15,45201.15,0.0,0,0,0,0,45145.32736296946,1,
254,262,Ok,2023-09-21 11:12:00,1695274920,45202.3,45205.35,45179.8,45184.4,0.0,0,0,0,0,45145.32736296946,1,
255,261,Ok,2023-09-21 11:14:00,1695275040,45181.25,45184.55,45165.4,45166.75,0.0,0,0,0,0,45145.32736296946,1,
256,260,Ok,2023-09-21 11:16:00,1695275160,45165.05,45165.05,45147.9,45148.5,0.0,0,0,0,0,45145.32736296946,1,
257,259,Ok,2023-09-21 11:18:00,1695275280,45146.55,45150.7,45129.05,45133.0,0.0,0,0,0,0,45201.87621583758,-1,
258,258,Ok,2023-09-21 11:20:00,1695275400,45134.3,45134.3,45113.05,45113.65,0.0,0,0,0,0,45184.949964985535,-1,
259,257,Ok,2023-09-21 11:22:00,1695275520,45116.25,45144.8,45097.7,45141.75,0.0,0,0,0,0,45184.54140177907,-1,
260,256,Ok,2023-09-21 11:24:00,1695275640,45143.2,45150.0,45129.45,45144.0,0.0,0,0,0,0,45184.54140177907,-1,
261,255,Ok,2023-09-21 11:26:00,1695275760,45145.2,45150.15,45136.05,45141.5,0.0,0,0,0,0,45184.54140177907,-1,
262,254,Ok,2023-09-21 11:28:00,1695275880,45140.95,45160.4,45135.65,45151.3,0.0,0,0,0,0,45184.54140177907,-1,
263,253,Ok,2023-09-21 11:30:00,1695276000,45151.65,45177.9,45151.65,45169.55,0.0,0,0,0,0,45184.54140177907,-1,
264,252,Ok,2023-09-21 11:32:00,1695276120,45170.7,45179.35,45143.25,45146.15,0.0,0,0,0,0,45184.54140177907,-1,
265,251,Ok,2023-09-21 11:34:00,1695276240,45148.75,45167.95,45148.75,45158.1,0.0,0,0,0,0,45184.54140177907,-1,
266,250,Ok,2023-09-21 11:36:00,1695276360,45158.05,45165.15,45134.6,45138.6,0.0,0,0,0,0,45184.54140177907,-1,
267,249,Ok,2023-09-21 11:38:00,1695276480,45136.8,45141.75,45075.1,45082.6,0.0,0,0,0,0,45173.58843482559,-1,
268,248,Ok,2023-09-21 11:40:00,1695276600,45080.75,45086.15,45071.3,45083.4,0.0,0,0,0,0,45142.34112516309,-1,
269,247,Ok,2023-09-21 11:42:00,1695276720,45084.8,45091.35,45066.8,45085.4,0.0,0,0,0,0,45142.23368971863,-1,
270,246,Ok,2023-09-21 11:44:00,1695276840,45084.5,45101.3,45075.2,45099.7,0.0,0,0,0,0,45142.23368971863,-1,
271,245,Ok,2023-09-21 11:46:00,1695276960,45098.45,45107.75,45070.65,45076.2,0.0,0,0,0,0,45142.23368971863,-1,
272,244,Ok,2023-09-21 11:48:00,1695277080,45071.25,45086.25,45070.85,45081.05,0.0,0,0,0,0,45140.90384784579,-1,
273,243,Ok,2023-09-21 11:50:00,1695277200,45081.1,45094.95,45077.05,45088.9,0.0,0,0,0,0,45140.90384784579,-1,
274,242,Ok,2023-09-21 11:52:00,1695277320,45091.05,45091.05,45074.75,45086.5,0.0,0,0,0,0,45140.90384784579,-1,
275,241,Ok,2023-09-21 11:54:00,1695277440,45086.55,45096.45,45070.15,45074.9,0.0,0,0,0,0,45140.90384784579,-1,
276,240,Ok,2023-09-21 11:56:00,1695277560,45071.6,45106.4,45055.1,45105.05,0.0,0,0,0,0,45140.90384784579,-1,
277,239,Ok,2023-09-21 11:58:00,1695277680,45110.85,45117.15,45097.7,45112.1,0.0,0,0,0,0,45140.90384784579,-1,
278,238,Ok,2023-09-21 12:00:00,1695277800,45110.45,45115.1,45088.2,45090.95,0.0,0,0,0,0,45140.90384784579,-1,
279,237,Ok,2023-09-21 12:02:00,1695277920,45087.85,45090.3,45026.2,45028.95,0.0,0,0,0,0,45123.525680217615,-1,
280,236,Ok,2023-09-21 12:04:00,1695278040,45026.35,45027.65,44990.9,44999.05,0.0,0,0,0,0,45075.428505993405,-1,
281,235,Ok,2023-09-21 12:06:00,1695278160,45000.05,45004.55,44977.35,44984.2,0.0,0,0,0,0,45056.80286251677,-1,
282,234,Ok,2023-09-21 12:08:00,1695278280,44985.85,44990.55,44901.4,44919.5,0.0,0,0,0,0,45018.03154229576,-1,
283,233,Ok,2023-09-21 12:10:00,1695278400,44918.45,44942.5,44910.75,44919.6,0.0,0,0,0,0,44998.57646874719,-1,
284,232,Ok,2023-09-21 12:12:00,1695278520,44923.15,44936.15,44916.9,44926.9,0.0,0,0,0,0,44997.06687364422,-1,
285,231,Ok,2023-09-21 12:14:00,1695278640,44926.3,44935.4,44911.45,44931.95,0.0,0,0,0,0,44993.11678364589,-1,
286,230,Ok,2023-09-21 12:16:00,1695278760,44931.6,44934.25,44872.3,44880.9,0.0,0,0,0,0,44976.13813004304,-1,
287,229,Ok,2023-09-21 12:18:00,1695278880,44879.85,44883.2,44809.8,44815.4,0.0,0,0,0,0,44923.58298449257,-1,
288,228,Ok,2023-09-21 12:20:00,1695279000,44807.05,44837.75,44791.85,44831.75,0.0,0,0,0,0,44893.02093851066,-1,
289,227,Ok,2023-09-21 12:22:00,1695279120,44829.75,44832.1,44767.85,44770.2,0.0,0,0,0,0,44881.20208655687,-1,
290,226,Ok,2023-09-21 12:24:00,1695279240,44767.7,44793.7,44749.25,44776.85,0.0,0,0,0,0,44853.4907972858,-1,
291,225,Ok,2023-09-21 12:26:00,1695279360,44778.8,44830.75,44775.95,44830.75,0.0,0,0,0,0,44853.4907972858,-1,
292,224,Ok,2023-09-21 12:28:00,1695279480,44833.05,44833.05,44811.35,44827.1,0.0,0,0,0,0,44853.4907972858,-1,
293,223,Ok,2023-09-21 12:30:00,1695279600,44828.8,44828.8,44806.75,44820.6,0.0,0,0,0,0,44853.4907972858,-1,
294,222,Ok,2023-09-21 12:32:00,1695279720,44818.9,44818.9,44792.45,44808.7,0.0,0,0,0,0,44853.4907972858,-1,
295,221,Ok,2023-09-21 12:34:00,1695279840,44803.55,44826.05,44791.6,44825.65,0.0,0,0,0,0,44853.4907972858,-1,
296,220,Ok,2023-09-21 12:36:00,1695279960,44823.7,44835.9,44815.85,44831.15,0.0,0,0,0,0,44853.4907972858,-1,
297,219,Ok,2023-09-21 12:38:00,1695280080,44829.7,44832.95,44787.65,44796.8,0.0,0,0,0,0,44853.4907972858,-1,
298,218,Ok,2023-09-21 12:40:00,1695280200,44794.15,44798.35,44773.75,44790.2,0.0,0,0,0,0,44853.4907972858,-1,
299,217,Ok,2023-09-21 12:42:00,1695280320,44787.65,44813.6,44781.7,44813.6,0.0,0,0,0,0,44853.4907972858,-1,
300,216,Ok,2023-09-21 12:44:00,1695280440,44817.65,44838.4,44807.2,44832.85,0.0,0,0,0,0,44853.4907972858,-1,
301,215,Ok,2023-09-21 12:46:00,1695280560,44836.75,44853.3,44790.6,44808.45,0.0,0,0,0,0,44853.4907972858,-1,
302,214,Ok,2023-09-21 12:48:00,1695280680,44804.2,44808.7,44785.15,44790.15,0.0,0,0,0,0,44853.4907972858,-1,
303,213,Ok,2023-09-21 12:50:00,1695280800,44789.25,44790.7,44764.6,44785.2,0.0,0,0,0,0,44853.4907972858,-1,
304,212,Ok,2023-09-21 12:52:00,1695280920,44776.35,44792.35,44763.15,44774.9,0.0,0,0,0,0,44853.4907972858,-1,
305,211,Ok,2023-09-21 12:54:00,1695281040,44775.7,44803.55,44768.9,44797.8,0.0,0,0,0,0,44853.4907972858,-1,
306,210,Ok,2023-09-21 12:56:00,1695281160,44800.1,44809.95,44786.4,44791.8,0.0,0,0,0,0,44853.4907972858,-1,
307,209,Ok,2023-09-21 12:58:00,1695281280,44792.75,44793.75,44741.35,44757.5,0.0,0,0,0,0,44845.04305179315,-1,
308,208,Ok,2023-09-21 13:00:00,1695281400,44758.4,44773.7,44746.55,44760.85,0.0,0,0,0,0,44836.772191932185,-1,
309,207,Ok,2023-09-21 13:02:00,1695281520,44759.2,44791.05,44750.95,44790.5,0.0,0,0,0,0,44836.772191932185,-1,
310,206,Ok,2023-09-21 13:04:00,1695281640,44795.0,44800.1,44775.9,44782.3,0.0,0,0,0,0,44836.772191932185,-1,
311,205,Ok,2023-09-21 13:06:00,1695281760,44782.9,44786.5,44769.05,44784.0,0.0,0,0,0,0,44836.772191932185,-1,
312,204,Ok,2023-09-21 13:08:00,1695281880,44783.6,44788.7,44763.25,44788.7,0.0,0,0,0,0,44836.772191932185,-1,
313,203,Ok,2023-09-21 13:10:00,1695282000,44784.35,44786.85,44769.4,44785.45,0.0,0,0,0,0,44836.772191932185,-1,
314,202,Ok,2023-09-21 13:12:00,1695282120,44785.4,44807.35,44780.95,44807.35,0.0,0,0,0,0,44836.772191932185,-1,
315,201,Ok,2023-09-21 13:14:00,1695282240,44815.9,44824.35,44799.25,44822.75,0.0,0,0,0,0,44836.772191932185,-1,
316,200,Ok,2023-09-21 13:16:00,1695282360,44825.5,44830.15,44806.65,44824.15,0.0,0,0,0,0,44836.772191932185,-1,
317,199,Ok,2023-09-21 13:18:00,1695282480,44820.5,44848.7,44815.1,44842.5,0.0,0,0,0,0,44762.09195801284,1,
318,198,Ok,2023-09-21 13:20:00,1695282600,44843.8,44885.1,44839.35,44877.3,0.0,0,0,0,0,44790.9482930772,1,
319,197,Ok,2023-09-21 13:22:00,1695282720,44877.45,44878.2,44809.4,44809.85,0.0,0,0,0,0,44790.9482930772,1,
320,196,Ok,2023-09-21 13:24:00,1695282840,44809.95,44828.6,44809.95,44824.8,0.0,0,0,0,0,44790.9482930772,1,
321,195,Ok,2023-09-21 13:26:00,1695282960,44821.75,44826.9,44801.3,44814.8,0.0,0,0,0,0,44790.9482930772,1,
322,194,Ok,2023-09-21 13:28:00,1695283080,44815.2,44827.25,44810.8,44820.6,0.0,0,0,0,0,44790.9482930772,1,
323,193,Ok,2023-09-21 13:30:00,1695283200,44823.0,44850.85,44821.9,44830.6,0.0,0,0,0,0,44790.9482930772,1,
324,192,Ok,2023-09-21 13:32:00,1695283320,44831.1,44832.1,44766.1,44768.85,0.0,0,0,0,0,44873.36342798209,-1,
325,191,Ok,2023-09-21 13:34:00,1695283440,44768.4,44768.4,44730.95,44731.75,0.0,0,0,0,0,44824.37255051552,-1,
326,190,Ok,2023-09-21 13:36:00,1695283560,44729.75,44735.6,44709.8,44709.8,0.0,0,0,0,0,44796.5433813377,-1,
327,189,Ok,2023-09-21 13:38:00,1695283680,44710.65,44736.85,44705.4,44735.65,0.0,0,0,0,0,44794.746791724094,-1,
328,188,Ok,2023-09-21 13:40:00,1695283800,44740.5,44765.3,44739.0,44749.7,0.0,0,0,0,0,44794.746791724094,-1,
329,187,Ok,2023-09-21 13:42:00,1695283920,44751.45,44761.8,44742.7,44750.7,0.0,0,0,0,0,44794.746791724094,-1,
330,186,Ok,2023-09-21 13:44:00,1695284040,44752.85,44752.85,44720.8,44727.0,0.0,0,0,0,0,44794.746791724094,-1,
331,185,Ok,2023-09-21 13:46:00,1695284160,44721.2,44760.4,44717.25,44754.35,0.0,0,0,0,0,44794.746791724094,-1,
332,184,Ok,2023-09-21 13:48:00,1695284280,44750.4,44760.55,44736.15,44749.15,0.0,0,0,0,0,44794.746791724094,-1,
333,183,Ok,2023-09-21 13:50:00,1695284400,44752.15,44758.85,44733.8,44754.2,0.0,0,0,0,0,44794.746791724094,-1,
334,182,Ok,2023-09-21 13:52:00,1695284520,44751.65,44757.35,44740.0,44745.2,0.0,0,0,0,0,44794.746791724094,-1,
335,181,Ok,2023-09-21 13:54:00,1695284640,44750.45,44757.3,44738.95,44754.2,0.0,0,0,0,0,44794.746791724094,-1,
336,180,Ok,2023-09-21 13:56:00,1695284760,44758.35,44767.7,44734.0,44750.7,0.0,0,0,0,0,44794.746791724094,-1,
337,179,Ok,2023-09-21 13:58:00,1695284880,44755.9,44785.0,44741.8,44755.35,0.0,0,0,0,0,44794.746791724094,-1,
338,178,Ok,2023-09-21 14:00:00,1695285000,44756.85,44759.7,44714.85,44723.3,0.0,0,0,0,0,44794.746791724094,-1,
339,177,Ok,2023-09-21 14:02:00,1695285120,44723.6,44734.7,44690.6,44711.75,0.0,0,0,0,0,44784.94405533871,-1,
340,176,Ok,2023-09-21 14:04:00,1695285240,44701.8,44719.6,44687.6,44706.7,0.0,0,0,0,0,44775.803862221714,-1,
341,175,Ok,2023-09-21 14:06:00,1695285360,44712.4,44738.0,44701.65,44735.8,0.0,0,0,0,0,44775.803862221714,-1,
342,174,Ok,2023-09-21 14:08:00,1695285480,44737.0,44758.45,44723.1,44758.45,0.0,0,0,0,0,44775.803862221714,-1,
343,173,Ok,2023-09-21 14:10:00,1695285600,44758.6,44759.6,44729.3,44735.6,0.0,0,0,0,0,44775.803862221714,-1,
344,172,Ok,2023-09-21 14:12:00,1695285720,44734.05,44736.15,44674.8,44677.55,0.0,0,0,0,0,44775.803862221714,-1,
345,171,Ok,2023-09-21 14:14:00,1695285840,44670.4,44680.35,44650.75,44673.95,0.0,0,0,0,0,44740.556834990064,-1,
346,170,Ok,2023-09-21 14:16:00,1695285960,44677.0,44690.5,44670.85,44680.3,0.0,0,0,0,0,44740.556834990064,-1,
347,169,Ok,2023-09-21 14:18:00,1695286080,44676.8,44711.5,44676.8,44709.5,0.0,0,0,0,0,44740.556834990064,-1,
348,168,Ok,2023-09-21 14:20:00,1695286200,44712.35,44720.25,44701.8,44704.3,0.0,0,0,0,0,44740.556834990064,-1,
349,167,Ok,2023-09-21 14:22:00,1695286320,44704.5,44708.7,44678.2,44684.9,0.0,0,0,0,0,44740.556834990064,-1,
350,166,Ok,2023-09-21 14:24:00,1695286440,44687.0,44699.1,44637.6,44654.4,0.0,0,0,0,0,44740.556834990064,-1,
351,165,Ok,2023-09-21 14:26:00,1695286560,44647.75,44661.95,44603.45,44641.9,0.0,0,0,0,0,44710.10739483348,-1,
352,164,Ok,2023-09-21 14:28:00,1695286680,44636.05,44679.1,44636.05,44672.85,0.0,0,0,0,0,44710.10739483348,-1,
353,163,Ok,2023-09-21 14:30:00,1695286800,44669.0,44673.4,44651.9,44663.35,0.0,0,0,0,0,44710.10739483348,-1,
354,162,Ok,2023-09-21 14:32:00,1695286920,44662.9,44694.65,44659.85,44685.8,0.0,0,0,0,0,44710.10739483348,-1,
355,161,Ok,2023-09-21 14:34:00,1695287040,44684.4,44692.8,44656.85,44679.4,0.0,0,0,0,0,44710.10739483348,-1,
356,160,Ok,2023-09-21 14:36:00,1695287160,44678.95,44691.0,44663.7,44669.2,0.0,0,0,0,0,44710.10739483348,-1,
357,159,Ok,2023-09-21 14:38:00,1695287280,44666.35,44681.25,44654.8,44672.6,0.0,0,0,0,0,44710.10739483348,-1,
358,158,Ok,2023-09-21 14:40:00,1695287400,44665.35,44673.1,44651.75,44661.85,0.0,0,0,0,0,44710.10739483348,-1,
359,157,Ok,2023-09-21 14:42:00,1695287520,44660.05,44663.95,44631.2,44636.9,0.0,0,0,0,0,44710.10739483348,-1,
360,156,Ok,2023-09-21 14:44:00,1695287640,44635.8,44654.9,44623.35,44641.05,0.0,0,0,0,0,44710.10739483348,-1,
361,155,Ok,2023-09-21 14:46:00,1695287760,44645.05,44661.95,44640.2,44657.25,0.0,0,0,0,0,44710.10739483348,-1,
362,154,Ok,2023-09-21 14:48:00,1695287880,44653.9,44660.2,44633.6,44634.55,0.0,0,0,0,0,44710.10739483348,-1,
363,153,Ok,2023-09-21 14:50:00,1695288000,44635.8,44647.9,44605.55,44631.85,0.0,0,0,0,0,44699.43514091939,-1,
364,152,Ok,2023-09-21 14:52:00,1695288120,44623.7,44644.75,44608.9,44632.55,0.0,0,0,0,0,44699.43514091939,-1,
365,151,Ok,2023-09-21 14:54:00,1695288240,44633.65,44636.7,44618.25,44624.95,0.0,0,0,0,0,44698.934969064816,-1,
366,150,Ok,2023-09-21 14:56:00,1695288360,44624.25,44639.7,44615.15,44626.55,0.0,0,0,0,0,44698.05401814237,-1,
367,149,Ok,2023-09-21 14:58:00,1695288480,44628.8,44642.4,44618.95,44638.35,0.0,0,0,0,0,44698.05401814237,-1,
368,148,Ok,2023-09-21 15:00:00,1695288600,44634.75,44645.8,44616.5,44645.35,0.0,0,0,0,0,44698.05401814237,-1,
369,147,Ok,2023-09-21 15:02:00,1695288720,44646.75,44671.05,44643.6,44644.0,0.0,0,0,0,0,44698.05401814237,-1,
370,146,Ok,2023-09-21 15:04:00,1695288840,44642.9,44672.3,44631.1,44669.85,0.0,0,0,0,0,44698.05401814237,-1,
371,145,Ok,2023-09-21 15:06:00,1695288960,44667.4,44678.95,44638.15,44659.3,0.0,0,0,0,0,44698.05401814237,-1,
372,144,Ok,2023-09-21 15:08:00,1695289080,44658.25,44660.2,44640.5,44657.85,0.0,0,0,0,0,44698.05401814237,-1,
373,143,Ok,2023-09-21 15:10:00,1695289200,44654.9,44661.95,44622.6,44624.2,0.0,0,0,0,0,44698.05401814237,-1,
374,142,Ok,2023-09-21 15:12:00,1695289320,44624.7,44631.7,44605.15,44607.0,0.0,0,0,0,0,44688.34180106149,-1,
375,141,Ok,2023-09-21 15:14:00,1695289440,44606.45,44648.95,44593.4,44644.65,0.0,0,0,0,0,44688.34180106149,-1,
376,140,Ok,2023-09-21 15:16:00,1695289560,44643.9,44660.45,44612.8,44627.5,0.0,0,0,0,0,44688.34180106149,-1,
377,139,Ok,2023-09-21 15:18:00,1695289680,44626.65,44628.75,44600.3,44602.75,0.0,0,0,0,0,44687.93491240947,-1,
378,138,Ok,2023-09-21 15:20:00,1695289800,44605.75,44632.95,44601.5,44624.15,0.0,0,0,0,0,44687.93491240947,-1,
379,137,Ok,2023-09-21 15:22:00,1695289920,44623.7,44626.55,44612.55,44626.2,0.0,0,0,0,0,44687.93491240947,-1,
380,136,Ok,2023-09-21 15:24:00,1695290040,44625.55,44629.25,44611.85,44618.45,0.0,0,0,0,0,44687.93491240947,-1,
381,135,Ok,2023-09-21 15:26:00,1695290160,44621.6,44628.55,44607.45,44625.4,0.0,0,0,0,0,44686.51749629771,-1,
382,134,Ok,2023-09-21 15:28:00,1695290280,44624.5,44707.35,44608.25,44707.35,0.0,0,0,0,0,44582.16333680203,1,
383,133,Ok,2023-09-22 09:08:00,1695353880,44707.35,44707.35,44707.35,44707.35,0.0,0,0,0,0,44635.3150826962,1,
384,132,Ok,2023-09-22 09:10:00,1695354000,44707.35,44707.35,44707.35,44707.35,0.0,0,0,0,0,44638.745316878565,1,
385,131,Ok,2023-09-22 09:12:00,1695354120,44707.35,44707.35,44707.35,44707.35,0.0,0,0,0,0,44642.01220657372,1,
386,130,Ok,2023-09-22 09:14:00,1695354240,44707.35,44758.05,44701.95,44755.45,0.0,0,0,0,0,44661.89638719476,1,
387,129,Ok,2023-09-22 09:16:00,1695354360,44742.3,44820.3,44742.3,44820.3,0.0,0,0,0,0,44708.267987773455,1,
388,128,Ok,2023-09-22 09:18:00,1695354480,44818.95,44906.05,44818.1,44902.9,0.0,0,0,0,0,44783.30689308313,1,
389,127,Ok,2023-09-22 09:20:00,1695354600,44901.9,44920.75,44879.9,44907.65,0.0,0,0,0,0,44821.02823150472,1,
390,126,Ok,2023-09-22 09:22:00,1695354720,44907.25,44949.2,44893.65,44893.65,0.0,0,0,0,0,44840.08474427908,1,
391,125,Ok,2023-09-22 09:24:00,1695354840,44898.3,44926.55,44886.8,44908.95,0.0,0,0,0,0,44840.08474427908,1,
392,124,Ok,2023-09-22 09:26:00,1695354960,44911.25,44918.2,44877.4,44885.7,0.0,0,0,0,0,44840.08474427908,1,
393,123,Ok,2023-09-22 09:28:00,1695355080,44887.0,44904.05,44860.9,44869.5,0.0,0,0,0,0,44840.08474427908,1,
394,122,Ok,2023-09-22 09:30:00,1695355200,44863.9,44882.7,44799.9,44801.15,0.0,0,0,0,0,44928.67250055587,-1,
395,121,Ok,2023-09-22 09:32:00,1695355320,44803.2,44810.45,44762.3,44804.75,0.0,0,0,0,0,44874.63119100936,-1,
396,120,Ok,2023-09-22 09:34:00,1695355440,44807.1,44813.0,44780.0,44800.3,0.0,0,0,0,0,44874.63119100936,-1,
397,119,Ok,2023-09-22 09:36:00,1695355560,44795.95,44897.0,44793.8,44897.0,0.0,0,0,0,0,44751.24508749702,1,
398,118,Ok,2023-09-22 09:38:00,1695355680,44895.3,44938.7,44878.75,44925.8,0.0,0,0,0,0,44812.77317856197,1,
399,117,Ok,2023-09-22 09:40:00,1695355800,44928.7,44937.2,44895.5,44904.15,0.0,0,0,0,0,44820.59874148829,1,
400,116,Ok,2023-09-22 09:42:00,1695355920,44902.35,44911.5,44884.7,44889.1,0.0,0,0,0,0,44820.59874148829,1,
401,115,Ok,2023-09-22 09:44:00,1695356040,44886.8,44891.5,44838.65,44858.5,0.0,0,0,0,0,44820.59874148829,1,
402,114,Ok,2023-09-22 09:46:00,1695356160,44859.5,44869.35,44841.2,44841.2,0.0,0,0,0,0,44820.59874148829,1,
403,113,Ok,2023-09-22 09:48:00,1695356280,44840.5,44875.9,44820.25,44844.15,0.0,0,0,0,0,44820.59874148829,1,
404,112,Ok,2023-09-22 09:50:00,1695356400,44846.4,44846.4,44811.35,44811.65,0.0,0,0,0,0,44922.89039132552,-1,
405,111,Ok,2023-09-22 09:52:00,1695356520,44812.35,44817.0,44731.55,44735.1,0.0,0,0,0,0,44872.7653727027,-1,
406,110,Ok,2023-09-22 09:54:00,1695356640,44742.25,44763.9,44717.35,44761.25,0.0,0,0,0,0,44839.30202162208,-1,
407,109,Ok,2023-09-22 09:56:00,1695356760,44764.4,44768.45,44639.2,44669.05,0.0,0,0,0,0,44811.343592042045,-1,
408,108,Ok,2023-09-22 09:58:00,1695356880,44670.3,44674.45,44618.5,44618.7,0.0,0,0,0,0,44754.73508766077,-1,
409,107,Ok,2023-09-22 10:00:00,1695357000,44620.85,44640.85,44565.65,44568.85,0.0,0,0,0,0,44714.23294063517,-1,
410,106,Ok,2023-09-22 10:02:00,1695357120,44564.75,44614.2,44552.5,44613.3,0.0,0,0,0,0,44695.51184822639,-1,
411,105,Ok,2023-09-22 10:04:00,1695357240,44613.65,44613.65,44575.45,44612.5,0.0,0,0,0,0,44695.51184822639,-1,
412,104,Ok,2023-09-22 10:06:00,1695357360,44609.6,44660.6,44609.6,44636.35,0.0,0,0,0,0,44695.51184822639,-1,
413,103,Ok,2023-09-22 10:08:00,1695357480,44641.1,44676.05,44640.15,44653.9,0.0,0,0,0,0,44695.51184822639,-1,
414,102,Ok,2023-09-22 10:10:00,1695357600,44656.6,44671.1,44626.2,44662.5,0.0,0,0,0,0,44695.51184822639,-1,
415,101,Ok,2023-09-22 10:12:00,1695357720,44664.1,44693.75,44648.75,44676.6,0.0,0,0,0,0,44695.51184822639,-1,
416,100,Ok,2023-09-22 10:14:00,1695357840,44673.85,44685.05,44652.35,44681.0,0.0,0,0,0,0,44695.51184822639,-1,
417,99,Ok,2023-09-22 10:16:00,1695357960,44682.65,44684.85,44634.9,44636.1,0.0,0,0,0,0,44695.51184822639,-1,
418,98,Ok,2023-09-22 10:18:00,1695358080,44639.8,44645.5,44625.4,44629.15,0.0,0,0,0,0,44695.51184822639,-1,
419,97,Ok,2023-09-22 10:20:00,1695358200,44627.95,44712.1,44623.15,44703.2,0.0,0,0,0,0,44559.12156926263,1,
420,96,Ok,2023-09-22 10:22:00,1695358320,44706.75,44728.0,44678.55,44689.9,0.0,0,0,0,0,44594.757923107245,1,
421,95,Ok,2023-09-22 10:24:00,1695358440,44684.05,44725.45,44681.4,44725.45,0.0,0,0,0,0,44595.46064105519,1,
422,94,Ok,2023-09-22 10:26:00,1695358560,44722.6,44745.15,44696.65,44696.65,0.0,0,0,0,0,44612.99584862406,1,
423,93,Ok,2023-09-22 10:28:00,1695358680,44700.05,44765.4,44700.05,44755.85,0.0,0,0,0,0,44622.7567605921,1,
424,92,Ok,2023-09-22 10:30:00,1695358800,44755.75,44778.0,44746.25,44768.75,0.0,0,0,0,0,44654.06715294683,1,
425,91,Ok,2023-09-22 10:32:00,1695358920,44772.65,44789.65,44762.45,44780.75,0.0,0,0,0,0,44670.28824090401,1,
426,90,Ok,2023-09-22 10:34:00,1695359040,44783.5,44798.1,44757.7,44769.2,0.0,0,0,0,0,44672.94213419504,1,
427,89,Ok,2023-09-22 10:36:00,1695359160,44770.2,44784.7,44770.0,44783.0,0.0,0,0,0,0,44675.76631828402,1,
428,88,Ok,2023-09-22 10:38:00,1695359280,44781.0,44827.6,44776.6,44827.1,0.0,0,0,0,0,44700.01077931769,1,
429,87,Ok,2023-09-22 10:40:00,1695359400,44825.4,44890.9,44825.4,44890.9,0.0,0,0,0,0,44754.06026601522,1,
430,86,Ok,2023-09-22 10:42:00,1695359520,44894.15,44927.3,44872.85,44896.95,0.0,0,0,0,0,44795.23763429963,1,
431,85,Ok,2023-09-22 10:44:00,1695359640,44899.45,44913.5,44894.15,44895.15,0.0,0,0,0,0,44801.95274695421,1,
432,84,Ok,2023-09-22 10:46:00,1695359760,44899.2,44911.65,44874.35,44900.8,0.0,0,0,0,0,44801.95274695421,1,
433,83,Ok,2023-09-22 10:48:00,1695359880,44896.35,44896.35,44845.6,44857.6,0.0,0,0,0,0,44801.95274695421,1,
434,82,Ok,2023-09-22 10:50:00,1695360000,44851.5,44903.7,44846.9,44880.9,0.0,0,0,0,0,44801.95274695421,1,
435,81,Ok,2023-09-22 10:52:00,1695360120,44881.9,44884.35,44850.85,44859.65,0.0,0,0,0,0,44801.95274695421,1,
436,80,Ok,2023-09-22 10:54:00,1695360240,44862.2,44887.45,44856.2,44873.8,0.0,0,0,0,0,44801.95274695421,1,
437,79,Ok,2023-09-22 10:56:00,1695360360,44873.25,44900.05,44861.75,44896.35,0.0,0,0,0,0,44801.95274695421,1,
438,78,Ok,2023-09-22 10:58:00,1695360480,44897.05,44959.1,44891.55,44948.05,0.0,0,0,0,0,44823.68479260422,1,
439,77,Ok,2023-09-22 11:00:00,1695360600,44947.9,44967.1,44937.5,44950.05,0.0,0,0,0,0,44852.39885010013,1,
440,76,Ok,2023-09-22 11:02:00,1695360720,44947.9,44950.7,44926.15,44944.25,0.0,0,0,0,0,44852.39885010013,1,
441,75,Ok,2023-09-22 11:04:00,1695360840,44943.05,44975.8,44937.85,44965.15,0.0,0,0,0,0,44859.78656471796,1,
442,74,Ok,2023-09-22 11:06:00,1695360960,44968.65,44977.55,44951.05,44971.8,0.0,0,0,0,0,44869.106252113146,1,
443,73,Ok,2023-09-22 11:08:00,1695361080,44969.25,44983.9,44964.95,44975.45,0.0,0,0,0,0,44881.77904963261,1,
444,72,Ok,2023-09-22 11:10:00,1695361200,44975.4,44975.4,44912.75,44912.75,0.0,0,0,0,0,44881.77904963261,1,
445,71,Ok,2023-09-22 11:12:00,1695361320,44914.8,44933.65,44904.8,44908.6,0.0,0,0,0,0,44881.77904963261,1,
446,70,Ok,2023-09-22 11:14:00,1695361440,44913.15,44949.45,44906.85,44941.45,0.0,0,0,0,0,44881.77904963261,1,
447,69,Ok,2023-09-22 11:16:00,1695361560,44939.5,44959.3,44911.35,44935.9,0.0,0,0,0,0,44881.77904963261,1,
448,68,Ok,2023-09-22 11:18:00,1695361680,44936.55,44936.9,44906.4,44918.25,0.0,0,0,0,0,44881.77904963261,1,
449,67,Ok,2023-09-22 11:20:00,1695361800,44917.35,44930.7,44904.4,44906.55,0.0,0,0,0,0,44881.77904963261,1,
450,66,Ok,2023-09-22 11:22:00,1695361920,44905.15,44906.7,44872.7,44892.75,0.0,0,0,0,0,44881.77904963261,1,
451,65,Ok,2023-09-22 11:24:00,1695362040,44888.15,44900.75,44857.3,44859.4,0.0,0,0,0,0,44969.48785232218,-1,
452,64,Ok,2023-09-22 11:26:00,1695362160,44853.9,44859.3,44837.8,44843.9,0.0,0,0,0,0,44936.96795459201,-1,
453,63,Ok,2023-09-22 11:28:00,1695362280,44842.55,44867.25,44842.05,44860.8,0.0,0,0,0,0,44936.96795459201,-1,
454,62,Ok,2023-09-22 11:30:00,1695362400,44860.55,44865.35,44823.65,44846.55,0.0,0,0,0,0,44931.58054838245,-1,
455,61,Ok,2023-09-22 11:32:00,1695362520,44846.35,44887.1,44844.3,44881.65,0.0,0,0,0,0,44931.58054838245,-1,
456,60,Ok,2023-09-22 11:34:00,1695362640,44880.85,44884.35,44868.0,44870.95,0.0,0,0,0,0,44931.58054838245,-1,
457,59,Ok,2023-09-22 11:36:00,1695362760,44869.8,44916.65,44864.0,44914.1,0.0,0,0,0,0,44931.58054838245,-1,
458,58,Ok,2023-09-22 11:38:00,1695362880,44913.9,44928.3,44907.8,44916.55,0.0,0,0,0,0,44931.58054838245,-1,
459,57,Ok,2023-09-22 11:40:00,1695363000,44917.85,44917.85,44905.5,44908.85,0.0,0,0,0,0,44931.58054838245,-1,
460,56,Ok,2023-09-22 11:42:00,1695363120,44909.8,44926.65,44906.5,44919.5,0.0,0,0,0,0,44931.58054838245,-1,
461,55,Ok,2023-09-22 11:44:00,1695363240,44918.65,44918.65,44863.0,44871.25,0.0,0,0,0,0,44931.58054838245,-1,
462,54,Ok,2023-09-22 11:46:00,1695363360,44872.75,44893.7,44868.8,44891.2,0.0,0,0,0,0,44931.58054838245,-1,
463,53,Ok,2023-09-22 11:48:00,1695363480,44890.7,44904.75,44886.15,44900.75,0.0,0,0,0,0,44931.58054838245,-1,
464,52,Ok,2023-09-22 11:50:00,1695363600,44901.4,44936.6,44898.85,44923.4,0.0,0,0,0,0,44931.58054838245,-1,
465,51,Ok,2023-09-22 11:52:00,1695363720,44924.55,44925.4,44892.2,44911.0,0.0,0,0,0,0,44931.58054838245,-1,
466,50,Ok,2023-09-22 11:54:00,1695363840,44909.8,44938.0,44907.65,44920.55,0.0,0,0,0,0,44931.58054838245,-1,
467,49,Ok,2023-09-22 11:56:00,1695363960,44918.0,44945.55,44915.85,44917.2,0.0,0,0,0,0,44931.58054838245,-1,
468,48,Ok,2023-09-22 11:58:00,1695364080,44917.3,44955.6,44917.3,44938.95,0.0,0,0,0,0,44858.52259467439,1,
469,47,Ok,2023-09-22 12:00:00,1695364200,44939.5,44949.85,44933.25,44948.6,0.0,0,0,0,0,44865.5943758806,1,
470,46,Ok,2023-09-22 12:02:00,1695364320,44948.3,44963.6,44945.0,44953.95,0.0,0,0,0,0,44880.01273893409,1,
471,45,Ok,2023-09-22 12:04:00,1695364440,44954.35,44970.6,44937.95,44968.05,0.0,0,0,0,0,44880.104751365805,1,
472,44,Ok,2023-09-22 12:06:00,1695364560,44972.2,44974.4,44934.25,44948.6,0.0,0,0,0,0,44880.104751365805,1,
473,43,Ok,2023-09-22 12:08:00,1695364680,44949.0,44988.45,44949.0,44985.7,0.0,0,0,0,0,44893.26974046773,1,
474,42,Ok,2023-09-22 12:10:00,1695364800,44984.5,44994.1,44974.3,44981.65,0.0,0,0,0,0,44910.26356235036,1,
475,41,Ok,2023-09-22 12:12:00,1695364920,44978.5,44987.35,44961.55,44971.6,0.0,0,0,0,0,44910.26356235036,1,
476,40,Ok,2023-09-22 12:14:00,1695365040,44967.4,44981.15,44950.65,44962.05,0.0,0,0,0,0,44910.26356235036,1,
477,39,Ok,2023-09-22 12:16:00,1695365160,44961.95,44991.7,44957.35,44986.95,0.0,0,0,0,0,44910.26356235036,1,
478,38,Ok,2023-09-22 12:18:00,1695365280,44989.0,44989.4,44967.2,44978.55,0.0,0,0,0,0,44910.26356235036,1,
479,37,Ok,2023-09-22 12:20:00,1695365400,44975.9,44989.9,44970.5,44983.05,0.0,0,0,0,0,44910.26356235036,1,
480,36,Ok,2023-09-22 12:22:00,1695365520,44980.7,44982.45,44954.4,44959.25,0.0,0,0,0,0,44910.26356235036,1,
481,35,Ok,2023-09-22 12:24:00,1695365640,44961.15,44986.45,44957.9,44970.45,0.0,0,0,0,0,44910.26356235036,1,
482,34,Ok,2023-09-22 12:26:00,1695365760,44966.35,44976.85,44939.35,44951.45,0.0,0,0,0,0,44910.26356235036,1,
483,33,Ok,2023-09-22 12:28:00,1695365880,44950.0,44961.3,44931.5,44953.75,0.0,0,0,0,0,44910.26356235036,1,
484,32,Ok,2023-09-22 12:30:00,1695366000,44956.25,44956.25,44923.05,44940.65,0.0,0,0,0,0,44910.26356235036,1,
485,31,Ok,2023-09-22 12:32:00,1695366120,44939.2,44965.7,44935.05,44959.95,0.0,0,0,0,0,44910.26356235036,1,
486,30,Ok,2023-09-22 12:34:00,1695366240,44960.25,44967.05,44944.95,44955.6,0.0,0,0,0,0,44910.26356235036,1,
487,29,Ok,2023-09-22 12:36:00,1695366360,44956.85,44973.5,44946.35,44966.65,0.0,0,0,0,0,44910.26356235036,1,
488,28,Ok,2023-09-22 12:38:00,1695366480,44965.6,44972.35,44952.55,44954.65,0.0,0,0,0,0,44910.26356235036,1,
489,27,Ok,2023-09-22 12:40:00,1695366600,44955.35,44955.35,44913.05,44935.6,0.0,0,0,0,0,44910.26356235036,1,
490,26,Ok,2023-09-22 12:42:00,1695366720,44938.85,44955.75,44926.7,44954.05,0.0,0,0,0,0,44910.26356235036,1,
491,25,Ok,2023-09-22 12:44:00,1695366840,44956.6,44970.05,44952.55,44961.0,0.0,0,0,0,0,44910.26356235036,1,
492,24,Ok,2023-09-22 12:46:00,1695366960,44961.4,44962.25,44941.9,44948.05,0.0,0,0,0,0,44910.26356235036,1,
493,23,Ok,2023-09-22 12:48:00,1695367080,44949.35,44964.4,44947.15,44957.65,0.0,0,0,0,0,44910.26356235036,1,
494,22,Ok,2023-09-22 12:50:00,1695367200,44960.0,44961.1,44941.05,44949.9,0.0,0,0,0,0,44910.26356235036,1,
495,21,Ok,2023-09-22 12:52:00,1695367320,44951.55,44956.55,44929.25,44938.0,0.0,0,0,0,0,44910.26356235036,1,
496,20,Ok,2023-09-22 12:54:00,1695367440,44938.6,44943.15,44893.55,44898.4,0.0,0,0,0,0,44984.00011198784,-1,
497,19,Ok,2023-09-22 12:56:00,1695367560,44898.15,44898.15,44857.6,44865.1,0.0,0,0,0,0,44944.673201893216,-1,
498,18,Ok,2023-09-22 12:58:00,1695367680,44868.2,44898.05,44863.35,44897.2,0.0,0,0,0,0,44944.673201893216,-1,
499,17,Ok,2023-09-22 13:00:00,1695367800,44899.35,44928.05,44888.5,44925.35,0.0,0,0,0,0,44944.673201893216,-1,
500,16,Ok,2023-09-22 13:02:00,1695367920,44920.45,44930.45,44901.65,44901.65,0.0,0,0,0,0,44944.673201893216,-1,
501,15,Ok,2023-09-22 13:04:00,1695368040,44901.35,44905.75,44879.85,44884.15,0.0,0,0,0,0,44944.673201893216,-1,
502,14,Ok,2023-09-22 13:06:00,1695368160,44882.15,44908.6,44878.2,44882.05,0.0,0,0,0,0,44944.673201893216,-1,
503,13,Ok,2023-09-22 13:08:00,1695368280,44883.5,44891.3,44877.1,44878.55,0.0,0,0,0,0,44944.673201893216,-1,
504,12,Ok,2023-09-22 13:10:00,1695368400,44876.7,44903.35,44875.0,44893.1,0.0,0,0,0,0,44944.673201893216,-1,
505,11,Ok,2023-09-22 13:12:00,1695368520,44893.8,44908.8,44883.9,44906.35,0.0,0,0,0,0,44944.673201893216,-1,
506,10,Ok,2023-09-22 13:14:00,1695368640,44906.4,44911.6,44895.8,44895.8,0.0,0,0,0,0,44944.673201893216,-1,
507,9,Ok,2023-09-22 13:16:00,1695368760,44893.8,44918.55,44886.15,44915.35,0.0,0,0,0,0,44944.673201893216,-1,
508,8,Ok,2023-09-22 13:18:00,1695368880,44914.05,44924.35,44895.7,44906.2,0.0,0,0,0,0,44944.673201893216,-1,
509,7,Ok,2023-09-22 13:20:00,1695369000,44904.2,44907.75,44879.3,44882.2,0.0,0,0,0,0,44944.673201893216,-1,
510,6,Ok,2023-09-22 13:22:00,1695369120,44883.3,44897.15,44865.9,44875.35,0.0,0,0,0,0,44944.673201893216,-1,
511,5,Ok,2023-09-22 13:24:00,1695369240,44873.75,44876.25,44828.15,44851.65,0.0,0,0,0,0,44918.26203318442,-1,
512,4,Ok,2023-09-22 13:26:00,1695369360,44850.75,44864.2,44799.8,44810.55,0.0,0,0,0,0,44901.66288874712,-1,
513,3,Ok,2023-09-22 13:28:00,1695369480,44810.7,44810.7,44770.1,44770.1,0.0,0,0,0,0,44860.99894166394,-1,
514,2,Ok,2023-09-22 13:30:00,1695369600,44770.0,44781.9,44734.05,44740.45,0.0,0,0,0,0,44830.22494444188,-1,
515,1,Ok,2023-09-22 13:32:00,1695369720,44744.05,44772.3,44743.15,44748.05,0.0,0,0,0,0,44829.87113756369,-1,
516,0,Ok,2023-09-22 13:34:00,1695369840,44740.35,44741.3,44678.9,44701.55,0.0,0,0,0,0,44786.05489291785,-1,
